ligand,N_protein,N_pos,N_neg,PNratio
ZMP,5,54,553,0.097649186
ECH,5,41,1225,0.033469388
DZ4,7,97,3157,0.030725372
LMN,7,73,2294,0.031822145
T7X,10,59,2712,0.021755162
P4K,5,34,1462,0.023255814
EGY,6,28,1055,0.026540284
EHZ,5,46,564,0.081560284
JGG,5,39,1272,0.030660377
GQK,5,42,1018,0.041257367
GWZ,5,48,1012,0.04743083
A86,6,144,1423,0.101194659
CQX,8,53,1281,0.041373927
E7U,8,149,2321,0.064196467
DD6,7,57,1616,0.035272277
WSS,5,52,569,0.091388401